,ratio
office,0.3611775131625001
like,0.5482787827454777
know,0.47071648003171135
people,0.3826725853359865
time,0.519941277220455
new,0.3826725853359865
day,0.38001372952829265
make,0.413203626747261
really,0.4860191925876902
manager,0.40760869565217395
feel,0.4049433079368888
best,0.46869141357330335
way,0.4218900675024108
got,0.6062255653981293
good,0.6230291933679178
said,0.5625152031135977
going,0.47846889952153104
getting,0.3822973823873347
right,0.47029314939645717
lot,0.5257432922407542
meeting,0.3938832252085264
say,0.5296194586112201
started,0.400200100050025
year,0.3863561099459101
let,0.4623921085080148
sure,0.4384522635098103
different,0.4811100982477463
thing,0.5602868668758404
tell,0.45028818443804036
life,0.5672149744753262
ask,0.4392019073911407
place,0.40166019547462845
years,0.5517103019360016
times,0.501728174824395
great,0.4979459728619444
asked,0.4054253280259472
come,0.4979459728619444
little,0.5341880341880342
today,0.5476135577588195
bad,0.5199412772204551
pretty,0.4028359651949726
look,0.5483792347063124
question,0.5743165632896853
thanks,0.3921226908330429
trying,0.6084134893962221
room,0.5341880341880342
makes,0.5791505791505792
recently,0.45681063122923593
talk,0.3795066413662239
maybe,0.6350305969287612
stuff,0.38752179810114323
away,0.4158196266863796
big,0.39588281868566905
start,0.45028818443804036
old,0.5157092986353539
guys,0.5513084386945016
wrong,0.4739744915546364
thank,0.3728958022586832
set,0.4593055300385817
taking,0.4046125834513454
hard,0.5047955577990914
kind,0.5761198329252485
saying,0.5525734133249132
ago,0.3817626527050611
fun,0.49247851002865334
word,0.46869141357330335
10,0.442564909520063
idea,0.49247851002865334
went,0.5439330543933055
nice,0.4232804232804233
later,0.6189921351587533
personal,0.3644314868804665
situation,0.3644314868804665
talking,0.5540402318445278
bit,0.4729871767920959
level,0.4729871767920959
care,0.37434489643124536
high,0.4218900675024108
took,0.48407917383821003
head,0.5104124132298898
past,0.45475216007276037
tried,0.4663091629750525
instead,0.522029651284193
important,0.39588281868566905
comes,0.49570389953734306
hear,0.5672149744753262
course,0.4076086956521739
money,0.5079006772009029
school,0.5578093306288032
came,0.5791505791505792
read,0.49127978383689513
super,0.6107874459688029
world,0.376392652815417
30,0.5469262743382193
mind,0.43327556325823224
corporate,0.5602868668758405
fired,0.47144396551724144
literally,0.5602868668758405
wanted,0.6045949214026602
happy,0.43327556325823224
far,0.6045949214026602
food,0.43327556325823224
20,0.5341880341880342
easy,0.447360572621533
reddit,0.485706355814599
longer,0.485706355814599
buy,0.5008586147681741
understand,0.6323777403035413
matter,0.3644314868804665
finally,0.6323777403035413
live,0.5633450175262895
bring,0.3644314868804665
rest,0.589066918001885
worker,0.41750167000668004
couple,0.6323777403035413
works,0.41750167000668004
choose,0.43327556325823224
coffee,0.3795066413662239
extra,0.47846889952153115
style,0.3795066413662239
quality,0.3795066413662239
ones,0.39588281868566905
leaving,0.5341880341880342
title,0.45028818443804036
friend,0.5672149744753262
means,0.45028818443804036
sent,0.46869141357330335
run,0.585308750365818
group,0.46869141357330335
dress,0.4137360364087712
break,0.6135805835833107
starting,0.4137360364087712
coming,0.46869141357330335
following,0.4137360364087712
hour,0.5142269454919438
looks,0.6382435537401072
decided,0.4137360364087712
specific,0.4137360364087712
conversation,0.5142269454919438
taken,0.4137360364087712
speak,0.3644314868804665
return,0.43327556325823224
sort,0.43327556325823224
gone,0.3644314868804665
wants,0.5341880341880342
interview,0.43327556325823224
text,0.6045949214026602
leaves,0.5722694571615435
happen,0.5722694571615435
2022,0.3644314868804665
happened,0.6045949214026602
note,0.43327556325823224
family,0.6323777403035413
heard,0.6323777403035413
needed,0.5341880341880342
completely,0.5722694571615435
similar,0.5722694571615435
definitely,0.45475216007276037
context,0.45475216007276037
stand,0.5934214988131571
game,0.5557613931085588
turns,0.38481272447408926
guess,0.5557613931085588
success,0.38481272447408926
gift,0.5104124132298898
cool,0.5557613931085588
girl,0.45475216007276037
annoying,0.5557613931085588
felt,0.5934214988131571
rules,0.5557613931085588
cause,0.38481272447408926
human,0.5341880341880342
huge,0.5791505791505792
morning,0.5341880341880342
brought,0.47846889952153115
giving,0.5341880341880342
likely,0.5341880341880342
order,0.47846889952153115
opportunity,0.4076086956521739
air,0.4076086956521739
strong,0.4076086956521739
miss,0.47846889952153115
worth,0.5791505791505792
annoyed,0.4076086956521739
actual,0.5791505791505792
student,0.4076086956521739
career,0.4076086956521739
degree,0.4076086956521739
previous,0.4076086956521739
follow,0.4076086956521739
closed,0.4076086956521739
case,0.5791505791505792
mess,0.4076086956521739
results,0.4076086956521739
sales,0.6161971830985916
weight,0.47846889952153115
yeah,0.5047955577990914
looked,0.5047955577990914
notice,0.5047955577990914
edit,0.6045949214026602
writing,0.5047955577990914
happens,0.43327556325823224
hoping,0.43327556325823224
eating,0.43327556325823224
low,0.43327556325823224
thinks,0.5047955577990914
cat,0.5602868668758405
uncomfortable,0.6045949214026602
clearly,0.5602868668758405
close,0.6045949214026602
picture,0.6045949214026602
purpose,0.43327556325823224
turn,0.5602868668758405
soon,0.4623921085080148
rid,0.4623921085080148
brings,0.4623921085080148
running,0.4623921085080148
social,0.3644314868804665
changes,0.3644314868804665
choice,0.4623921085080148
shop,0.3644314868804665
drinks,0.3644314868804665
allowed,0.3644314868804665
assistant,0.3644314868804665
main,0.4623921085080148
figure,0.5341880341880342
written,0.6323777403035413
write,0.3644314868804665
hand,0.6323777403035413
half,0.6323777403035413
gives,0.4623921085080148
friendly,0.3644314868804665
late,0.4623921085080148
finding,0.6323777403035413
listen,0.3644314868804665
difficult,0.4623921085080148
near,0.3644314868804665
public,0.4623921085080148
decide,0.3644314868804665
struggling,0.4623921085080148
control,0.3644314868804665
quiet,0.3644314868804665
pictures,0.3644314868804665
picked,0.5341880341880342
pick,0.5341880341880342
feelings,0.5672149744753262
cost,0.39588281868566905
copy,0.49570389953734306
hurt,0.39588281868566905
helping,0.49570389953734306
house,0.6209637357178341
comments,0.39588281868566905
received,0.39588281868566905
reasonable,0.49570389953734306
shit,0.49570389953734306
inspiration,0.39588281868566905
fully,0.39588281868566905
okay,0.6209637357178341
pack,0.39588281868566905
play,0.6209637357178341
eye,0.49570389953734306
major,0.39588281868566905
exactly,0.6209637357178341
mistake,0.39588281868566905
decision,0.39588281868566905
mom,0.39588281868566905
background,0.6209637357178341
sounds,0.49570389953734306
biggest,0.49570389953734306
breaks,0.5672149744753262
stupid,0.5672149744753262
uses,0.6209637357178341
speaking,0.49570389953734306
50,0.39588281868566905
vs,0.6209637357178341
talked,0.49570389953734306
everyday,0.6045949214026602
screen,0.6045949214026602
possibly,0.43327556325823224
afternoon,0.43327556325823224
excited,0.6045949214026602
awkward,0.6045949214026602
40,0.5341880341880342
age,0.43327556325823224
fellow,0.43327556325823224
step,0.43327556325823224
store,0.43327556325823224
games,0.43327556325823224
fast,0.6045949214026602
specifically,0.5341880341880342
successful,0.43327556325823224
mention,0.6045949214026602
female,0.5341880341880342
spent,0.5341880341880342
books,0.5341880341880342
fine,0.5341880341880342
value,0.43327556325823224
interviews,0.5341880341880342
general,0.43327556325823224
automatically,0.5341880341880342
totally,0.5341880341880342
hospital,0.6045949214026602
ass,0.5341880341880342
catch,0.43327556325823224
discussion,0.43327556325823224
pass,0.43327556325823224
honestly,0.6045949214026602
non,0.6045949214026602
hell,0.6045949214026602
toilet,0.43327556325823224
15,0.5341880341880342
sell,0.5341880341880342
attention,0.5341880341880342
buddy,0.43327556325823224
eat,0.47846889952153115
according,0.5791505791505792
drunk,0.47846889952153115
apparently,0.5791505791505792
nervous,0.5791505791505792
receptionist,0.47846889952153115
folks,0.5791505791505792
considered,0.47846889952153115
designed,0.47846889952153115
offers,0.47846889952153115
core,0.47846889952153115
band,0.47846889952153115
lost,0.47846889952153115
enter,0.47846889952153115
missed,0.5791505791505792
majority,0.47846889952153115
luck,0.47846889952153115
assume,0.47846889952153115
eyes,0.5791505791505792
park,0.47846889952153115
fail,0.47846889952153115
expensive,0.47846889952153115
figured,0.5791505791505792
poor,0.47846889952153115
promoted,0.47846889952153115
cozy,0.47846889952153115
incredibly,0.47846889952153115
grow,0.47846889952153115
heated,0.47846889952153115
ive,0.47846889952153115
bunch,0.47846889952153115
glasses,0.47846889952153115
god,0.5791505791505792
glad,0.47846889952153115
book,0.5791505791505792
rude,0.47846889952153115
spoke,0.47846889952153115
changed,0.47846889952153115
cake,0.5791505791505792
habits,0.5791505791505792
cuz,0.3644314868804665
model,0.6323777403035413
presentation,0.5341880341880342
desperate,0.3644314868804665
telling,0.6323777403035413
circle,0.3644314868804665
overall,0.6323777403035413
initial,0.3644314868804665
previously,0.3644314868804665
surprised,0.5341880341880342
treat,0.3644314868804665
instance,0.3644314868804665
win,0.5341880341880342
development,0.3644314868804665
peer,0.3644314868804665
wise,0.3644314868804665
government,0.3644314868804665
perform,0.3644314868804665
paying,0.6323777403035413
ups,0.3644314868804665
chance,0.6323777403035413
method,0.3644314868804665
potential,0.3644314868804665
potentially,0.5341880341880342
inappropriate,0.5341880341880342
panel,0.3644314868804665
plenty,0.3644314868804665
auto,0.3644314868804665
unfair,0.5341880341880342
unhappy,0.3644314868804665
hands,0.6323777403035413
trust,0.3644314868804665
delivery,0.6323777403035413
tea,0.3644314868804665
picking,0.3644314868804665
essentially,0.3644314868804665
types,0.3644314868804665
throw,0.5341880341880342
caused,0.3644314868804665
trouble,0.3644314868804665
safety,0.5341880341880342
discussed,0.3644314868804665
piece,0.3644314868804665
selling,0.6323777403035413
master,0.3644314868804665
target,0.3644314868804665
charity,0.3644314868804665
child,0.5341880341880342
decline,0.3644314868804665
mark,0.6323777403035413
bringing,0.5341880341880342
sat,0.5341880341880342
manner,0.3644314868804665
returned,0.6323777403035413
rate,0.3644314868804665
ok,0.3644314868804665
hold,0.6323777403035413
reaction,0.5341880341880342
reading,0.6323777403035413
lately,0.5341880341880342
birthday,0.3644314868804665
contributing,0.3644314868804665
stories,0.6323777403035413
accounting,0.3644314868804665
000,0.3644314868804665
volume,0.3644314868804665
hidden,0.3644314868804665
condition,0.3644314868804665
wait,0.5341880341880342
knee,0.3644314868804665
approved,0.3644314868804665
kiss,0.6323777403035413
killing,0.3644314868804665
condo,0.3644314868804665
absolute,0.6323777403035413
french,0.5341880341880342
total,0.5341880341880342
state,0.3644314868804665
odd,0.6323777403035413
draw,0.6323777403035413
90,0.3644314868804665
block,0.3644314868804665
wasting,0.3644314868804665
label,0.3644314868804665
requests,0.3644314868804665
zoom,0.3644314868804665
fell,0.3644314868804665
shares,0.3644314868804665
yoga,0.3644314868804665
cover,0.3644314868804665
listening,0.5341880341880342
adding,0.3644314868804665
vacation,0.3644314868804665
response,0.6323777403035413
usual,0.5341880341880342
suddenly,0.3644314868804665
bother,0.5341880341880342
boring,0.5341880341880342
proof,0.3644314868804665
gifts,0.5341880341880342
ignore,0.3644314868804665
internet,0.3644314868804665
18,0.3644314868804665
act,0.6323777403035413
weekly,0.3644314868804665
nearly,0.3644314868804665
spot,0.6323777403035413
limited,0.5341880341880342
doctor,0.3644314868804665
embarrassed,0.43327556325823224
2011,0.6045949214026602
yellow,0.43327556325823224
anger,0.43327556325823224
english,0.43327556325823224
hopefully,0.6045949214026602
wrote,0.43327556325823224
transferred,0.43327556325823224
names,0.43327556325823224
tour,0.43327556325823224
analysis,0.43327556325823224
ends,0.43327556325823224
nails,0.43327556325823224
holding,0.6045949214026602
lifting,0.43327556325823224
length,0.6045949214026602
investing,0.43327556325823224
led,0.6045949214026602
likes,0.43327556325823224
useless,0.43327556325823224
fear,0.6045949214026602
administrator,0.43327556325823224
load,0.43327556325823224
intentionally,0.6045949214026602
whilst,0.43327556325823224
5k,0.43327556325823224
fifth,0.6045949214026602
fight,0.6045949214026602
learning,0.6045949214026602
accept,0.6045949214026602
fucking,0.6045949214026602
frame,0.43327556325823224
kitchen,0.43327556325823224
walks,0.43327556325823224
gain,0.43327556325823224
force,0.43327556325823224
furthermore,0.43327556325823224
fax,0.6045949214026602
mins,0.43327556325823224
ultimately,0.43327556325823224
exhausted,0.43327556325823224
undermining,0.43327556325823224
wondered,0.6045949214026602
al,0.43327556325823224
maximum,0.43327556325823224
included,0.6045949214026602
growing,0.6045949214026602
includes,0.6045949214026602
ethics,0.43327556325823224
min,0.43327556325823224
amazon,0.6045949214026602
27,0.43327556325823224
imagine,0.6045949214026602
2nd,0.43327556325823224
menu,0.43327556325823224
gum,0.6045949214026602
men,0.43327556325823224
market,0.43327556325823224
ground,0.43327556325823224
magazine,0.43327556325823224
grade,0.43327556325823224
insane,0.6045949214026602
instagram,0.6045949214026602
fantasy,0.43327556325823224
urgent,0.43327556325823224
keys,0.43327556325823224
witnessed,0.43327556325823224
explanation,0.43327556325823224
united,0.43327556325823224
pulled,0.43327556325823224
quitting,0.43327556325823224
contract,0.6045949214026602
quebec,0.43327556325823224
behaviour,0.43327556325823224
pulling,0.43327556325823224
randomly,0.43327556325823224
contain,0.43327556325823224
concrete,0.43327556325823224
black,0.43327556325823224
rant,0.6045949214026602
reaching,0.6045949214026602
constant,0.43327556325823224
stopped,0.6045949214026602
rarely,0.43327556325823224
count,0.6045949214026602
country,0.43327556325823224
present,0.43327556325823224
positions,0.43327556325823224
babies,0.43327556325823224
deciding,0.43327556325823224
dedicated,0.43327556325823224
plush,0.43327556325823224
cute,0.43327556325823224
provides,0.43327556325823224
crack,0.43327556325823224
protect,0.43327556325823224
promotions,0.43327556325823224
suit,0.6045949214026602
printers,0.6045949214026602
cup,0.6045949214026602
refreshing,0.43327556325823224
regarding,0.43327556325823224
blame,0.6045949214026602
ceo,0.43327556325823224
broke,0.43327556325823224
solid,0.6045949214026602
causing,0.6045949214026602
burn,0.43327556325823224
shorter,0.43327556325823224
site,0.6045949214026602
stairs,0.43327556325823224
comparing,0.43327556325823224
relax,0.43327556325823224
relationships,0.6045949214026602
states,0.6045949214026602
clip,0.6045949214026602
breath,0.43327556325823224
round,0.43327556325823224
claims,0.6045949214026602
class,0.6045949214026602
clue,0.43327556325823224
pizza,0.43327556325823224
despite,0.6045949214026602
drag,0.43327556325823224
argument,0.43327556325823224
perks,0.43327556325823224
offering,0.43327556325823224
overcome,0.43327556325823224
technically,0.43327556325823224
arms,0.43327556325823224
disrespectful,0.43327556325823224
physically,0.43327556325823224
tends,0.43327556325823224
drink,0.43327556325823224
asap,0.43327556325823224
tim,0.6045949214026602
drives,0.6045949214026602
throwing,0.6045949214026602
passionate,0.43327556325823224
source,0.5341880341880342
resolved,0.5341880341880342
sounded,0.5341880341880342
resigned,0.5341880341880342
resign,0.5341880341880342
interactions,0.5341880341880342
motivated,0.5341880341880342
remove,0.5341880341880342
remind,0.5341880341880342
stapler,0.5341880341880342
travel,0.5341880341880342
reports,0.5341880341880342
investment,0.5341880341880342
spray,0.5341880341880342
joe,0.5341880341880342
wears,0.5341880341880342
outstanding,0.5341880341880342
replaces,0.5341880341880342
wipe,0.5341880341880342
sex,0.5341880341880342
horror,0.5341880341880342
sheet,0.5341880341880342
separately,0.5341880341880342
hurts,0.5341880341880342
topics,0.5341880341880342
touching,0.5341880341880342
silly,0.5341880341880342
touched,0.5341880341880342
obscure,0.5341880341880342
network,0.5341880341880342
solve,0.5341880341880342
opens,0.5341880341880342
roles,0.5341880341880342
selections,0.5341880341880342
immediate,0.5341880341880342
smiling,0.5341880341880342
image,0.5341880341880342
secretaries,0.5341880341880342
smoke,0.5341880341880342
smoking,0.5341880341880342
package,0.5341880341880342
supporting,0.5341880341880342
presence,0.5341880341880342
press,0.5341880341880342
sudden,0.5341880341880342
template,0.5341880341880342
procedure,0.5341880341880342
merge,0.5341880341880342
player,0.5341880341880342
playlist,0.5341880341880342
pocket,0.5341880341880342
pity,0.5341880341880342
unable,0.5341880341880342
pitch,0.5341880341880342
manages,0.5341880341880342
praises,0.5341880341880342
tactics,0.5341880341880342
poorly,0.5341880341880342
points,0.5341880341880342
pissed,0.5341880341880342
tall,0.5341880341880342
typed,0.5341880341880342
ready,0.5341880341880342
lasting,0.5341880341880342
stepping,0.5341880341880342
recall,0.5341880341880342
receive,0.5341880341880342
reached,0.5341880341880342
receiving,0.5341880341880342
vintage,0.5341880341880342
violence,0.5341880341880342
moderate,0.5341880341880342
kid,0.5341880341880342
stealing,0.5341880341880342
recognize,0.5341880341880342
thread,0.5341880341880342
linkedin,0.5341880341880342
studio,0.5341880341880342
lives,0.5341880341880342
province,0.5341880341880342
pt,0.5341880341880342
purse,0.5341880341880342
minor,0.5341880341880342
levels,0.5341880341880342
legs,0.5341880341880342
verbally,0.5341880341880342
struggled,0.5341880341880342
lift,0.5341880341880342
equally,0.5341880341880342
freedom,0.5341880341880342
custom,0.5341880341880342
booked,0.5341880341880342
accountant,0.5341880341880342
equivalent,0.5341880341880342
format,0.5341880341880342
disgusting,0.5341880341880342
91,0.5341880341880342
atmosphere,0.5341880341880342
chewing,0.5341880341880342
attack,0.5341880341880342
critical,0.5341880341880342
gate,0.5341880341880342
dancing,0.5341880341880342
feed,0.5341880341880342
expecting,0.5341880341880342
faster,0.5341880341880342
alright,0.5341880341880342
bowl,0.5341880341880342
buzzwords,0.5341880341880342
fighting,0.5341880341880342
demand,0.5341880341880342
annoys,0.5341880341880342
fantastic,0.5341880341880342
facts,0.5341880341880342
exploring,0.5341880341880342
alike,0.5341880341880342
agreed,0.5341880341880342
dealing,0.5341880341880342
carbon,0.5341880341880342
apologize,0.5341880341880342
decisions,0.5341880341880342
extreme,0.5341880341880342
harder,0.5341880341880342
beautiful,0.5341880341880342
bible,0.5341880341880342
biased,0.5341880341880342
balls,0.5341880341880342
ball,0.5341880341880342
edge,0.5341880341880342
happening,0.5341880341880342
doubt,0.5341880341880342
1999,0.5341880341880342
halfway,0.5341880341880342
conclusion,0.5341880341880342
dramatic,0.5341880341880342
condescending,0.5341880341880342
connections,0.5341880341880342
attracted,0.5341880341880342
googling,0.5341880341880342
healthcare,0.5341880341880342
complains,0.5341880341880342
distracted,0.5341880341880342
graduated,0.5341880341880342
glance,0.5341880341880342
commented,0.5341880341880342
compared,0.5341880341880342
